Workbook

Sheet Pesanan
A1: Laporan Pesanan – Es Krim Gabin
A2: Isi kolom berlatar kuning: Tanggal, Nama Pemesan, Varian (pilih dari daftar), Jumlah, Status Bayar, Catatan. Harga Satuan & Total terhitung otomatis dari sheet Harga. Data dari website (Unduh CSV) bisa ditempel mulai sel A6.
A3: Contoh → | B3: 2026-10-12 | C3: Budi | D3: Coklat | E3: 3 | F3: 5000 | G3: 15000 | H3: Lunas | I3: Ambil jam istirahat
F4: Total pendapatan: | G4: =SUM(G6:G305) -> 0
A5: No | B5: Tanggal | C5: Nama Pemesan | D5: Varian | E5: Jumlah (pcs) | F5: Harga Satuan | G5: Total | H5: Status Bayar | I5: Catatan
A6: =IF(C6="","",ROW()-5) | F6: =IF(D6="","",IFERROR(INDEX(Harga!$B$5:$B$7,MATCH(D6,Harga!$A$5:$A$7,0)),"")) | G6: =IF(OR(E6="",F6=""),"",E6*F6)
A7: =IF(C7="","",ROW()-5) | F7: =IF(D7="","",IFERROR(INDEX(Harga!$B$5:$B$7,MATCH(D7,Harga!$A$5:$A$7,0)),"")) | G7: =IF(OR(E7="",F7=""),"",E7*F7)
A8: =IF(C8="","",ROW()-5) | F8: =IF(D8="","",IFERROR(INDEX(Harga!$B$5:$B$7,MATCH(D8,Harga!$A$5:$A$7,0)),"")) | G8: =IF(OR(E8="",F8=""),"",E8*F8)
A9: =IF(C9="","",ROW()-5) | F9: =IF(D9="","",IFERROR(INDEX(Harga!$B$5:$B$7,MATCH(D9,Harga!$A$5:$A$7,0)),"")) | G9: =IF(OR(E9="",F9=""),"",E9*F9)
A10: =IF(C10="","",ROW()-5) | F10: =IF(D10="","",IFERROR(INDEX(Harga!$B$5:$B$7,MATCH(D10,Harga!$A$5:$A$7,0)),"")) | G10: =IF(OR(E10="",F10=""),"",E10*F10)
A11: =IF(C11="","",ROW()-5) | F11: =IF(D11="","",IFERROR(INDEX(Harga!$B$5:$B$7,MATCH(D11,Harga!$A$5:$A$7,0)),"")) | G11: =IF(OR(E11="",F11=""),"",E11*F11)
A12: =IF(C12="","",ROW()-5) | F12: =IF(D12="","",IFERROR(INDEX(Harga!$B$5:$B$7,MATCH(D12,Harga!$A$5:$A$7,0)),"")) | G12: =IF(OR(E12="",F12=""),"",E12*F12)
A13: =IF(C13="","",ROW()-5) | F13: =IF(D13="","",IFERROR(INDEX(Harga!$B$5:$B$7,MATCH(D13,Harga!$A$5:$A$7,0)),"")) | G13: =IF(OR(E13="",F13=""),"",E13*F13)
A14: =IF(C14="","",ROW()-5) | F14: =IF(D14="","",IFERROR(INDEX(Harga!$B$5:$B$7,MATCH(D14,Harga!$A$5:$A$7,0)),"")) | G14: =IF(OR(E14="",F14=""),"",E14*F14)
A15: =IF(C15="","",ROW()-5) | F15: =IF(D15="","",IFERROR(INDEX(Harga!$B$5:$B$7,MATCH(D15,Harga!$A$5:$A$7,0)),"")) | G15: =IF(OR(E15="",F15=""),"",E15*F15)
A16: =IF(C16="","",ROW()-5) | F16: =IF(D16="","",IFERROR(INDEX(Harga!$B$5:$B$7,MATCH(D16,Harga!$A$5:$A$7,0)),"")) | G16: =IF(OR(E16="",F16=""),"",E16*F16)
A17: =IF(C17="","",ROW()-5) | F17: =IF(D17="","",IFERROR(INDEX(Harga!$B$5:$B$7,MATCH(D17,Harga!$A$5:$A$7,0)),"")) | G17: =IF(OR(E17="",F17=""),"",E17*F17)
... A305: =IF(C305="","",ROW()-5) | F305: =IF(D305="","",IFERROR(INDEX(Harga!$B$5:$B$7,MATCH(D305,Harga!$A$5:$A$7,0)),"")) | G305: =IF(OR(E305="",F305=""),"",E305*F305)

Sheet Rekap
A1: Rekap Penjualan per Varian
A2: Semua angka terhitung otomatis dari sheet Pesanan, tidak perlu diisi manual.
A4: Varian | B4: Jumlah Pesanan | C4: Terjual (pcs) | D4: Pendapatan | E4: Porsi Pendapatan
A5: =Harga!A5 -> Coklat | B5: =COUNTIFS(Pesanan!$D$6:$D$305,A5) -> 0 | C5: =SUMIFS(Pesanan!$E$6:$E$305,Pesanan!$D$6:$D$305,A5) -> 0 | D5: =SUMIFS(Pesanan!$G$6:$G$305,Pesanan!$D$6:$D$305,A5) -> 0 | E5: =IF($D$8=0,0,D5/$D$8) -> 0
A6: =Harga!A6 -> Vanilla | B6: =COUNTIFS(Pesanan!$D$6:$D$305,A6) -> 0 | C6: =SUMIFS(Pesanan!$E$6:$E$305,Pesanan!$D$6:$D$305,A6) -> 0 | D6: =SUMIFS(Pesanan!$G$6:$G$305,Pesanan!$D$6:$D$305,A6) -> 0 | E6: =IF($D$8=0,0,D6/$D$8) -> 0
A7: =Harga!A7 -> Strawberry | B7: =COUNTIFS(Pesanan!$D$6:$D$305,A7) -> 0 | C7: =SUMIFS(Pesanan!$E$6:$E$305,Pesanan!$D$6:$D$305,A7) -> 0 | D7: =SUMIFS(Pesanan!$G$6:$G$305,Pesanan!$D$6:$D$305,A7) -> 0 | E7: =IF($D$8=0,0,D7/$D$8) -> 0
A8: TOTAL | B8: =SUM(B5:B7) -> 0 | C8: =SUM(C5:C7) -> 0 | D8: =SUM(D5:D7) -> 0 | E8: =SUM(E5:E7) -> 0
A10: Status Pembayaran
A11: Sudah lunas | D11: =SUMIFS(Pesanan!$G$6:$G$305,Pesanan!$H$6:$H$305,"Lunas") -> 0
A12: Belum dibayar | D12: =SUMIFS(Pesanan!$G$6:$G$305,Pesanan!$H$6:$H$305,"Belum") -> 0
A13: Belum diberi status | D13: =D8-D11-D12 -> 0
A15: Varian terlaris (pcs) | D15: =IF(C8=0,"-",INDEX(A5:A7,MATCH(MAX(C5:C7),C5:C7,0))) -> -

Sheet Harga
A1: Daftar Varian & Harga – Es Krim Gabin
A2: Ubah sel berlatar kuning (nama varian & harga). Nama & harga di bawah adalah contoh awal, sesuaikan dengan produk asli.
A4: Varian | B4: Harga Satuan
A5: Coklat | B5: 5000
A6: Vanilla | B6: 5000
A7: Strawberry | B7: 5000
A9: Catatan: harga Rp 5.000 adalah asumsi awal (placeholder), bukan data dari pemilik usaha.
